customer_id,name,email,country,customer_type,registration_date,age,gender,total_purchases
1,Customer 1,customer1@example.com,Australia,Regular,2011-05-15,22,Male,191
2,Customer 2,customer2@example.com,France,Premium,2018-11-27,52,Other,145
3,Customer 3,customer3@example.com,Canada,Premium,2015-10-01,32,Other,691
4,Customer 4,customer4@example.com,USA,Premium,2011-01-19,70,Other,644
5,Customer 5,customer5@example.com,Germany,Regular,2021-08-26,66,Other,508
6,Customer 6,customer6@example.com,France,Premium,2015-03-02,20,Male,704
7,Customer 7,customer7@example.com,China,Premium,2018-05-24,24,Female,892
8,Customer 8,customer8@example.com,China,Regular,2023-10-02,26,Male,488
9,Customer 9,customer9@example.com,Japan,Premium,2014-10-05,36,Other,30
10,Customer 10,customer10@example.com,Brazil,Premium,2017-08-30,30,Male,959
11,Customer 11,customer11@example.com,UK,Regular,2020-05-17,62,Female,876
12,Customer 12,customer12@example.com,Australia,VIP,2019-06-16,65,Other,758
13,Customer 13,customer13@example.com,USA,Regular,2011-08-14,21,Other,967
14,Customer 14,customer14@example.com,Australia,VIP,2023-11-09,54,Female,504
15,Customer 15,customer15@example.com,China,Regular,2023-03-25,75,Other,696
16,Customer 16,customer16@example.com,Australia,Premium,2012-12-31,72,Female,609
17,Customer 17,customer17@example.com,Australia,Regular,2022-03-22,48,Other,951
18,Customer 18,customer18@example.com,USA,Regular,2012-09-23,71,Other,168
19,Customer 19,customer19@example.com,France,Regular,2015-05-02,25,Female,432
20,Customer 20,customer20@example.com,China,Premium,2020-05-15,55,Other,472
21,Customer 21,customer21@example.com,Canada,Regular,2020-10-27,66,Other,330
22,Customer 22,customer22@example.com,USA,Regular,2013-12-03,55,Male,531
23,Customer 23,customer23@example.com,Brazil,Premium,2015-03-20,59,Other,748
24,Customer 24,customer24@example.com,China,Premium,2010-07-19,79,Other,937
25,Customer 25,customer25@example.com,India,Premium,2015-11-19,75,Female,101
26,Customer 26,customer26@example.com,Brazil,VIP,2014-04-30,46,Female,975
27,Customer 27,customer27@example.com,Brazil,Premium,2010-01-28,58,Male,604
28,Customer 28,customer28@example.com,China,Premium,2013-08-01,56,Other,596
29,Customer 29,customer29@example.com,France,VIP,2022-02-05,46,Female,867
30,Customer 30,customer30@example.com,Brazil,Premium,2017-07-03,68,Male,290
31,Customer 31,customer31@example.com,UK,Premium,2014-11-09,62,Male,119
32,Customer 32,customer32@example.com,Japan,Regular,2022-08-30,63,Female,167
33,Customer 33,customer33@example.com,France,VIP,2014-03-24,43,Male,8
34,Customer 34,,China,VIP,2022-06-02,74,Male,623
35,Customer 35,customer35@example.com,UK,Regular,2016-01-01,66,Male,234
36,Customer 36,customer36@example.com,USA,Premium,2023-12-22,24,Male,172
37,Customer 37,customer37@example.com,Australia,VIP,2016-10-29,68,Male,246
38,Customer 38,customer38@example.com,India,VIP,2021-10-01,38,Other,82
39,Customer 39,customer39@example.com,Germany,Premium,2018-12-13,20,Other,216
40,Customer 40,customer40@example.com,France,Regular,2018-12-05,52,Male,982
41,Customer 41,customer41@example.com,USA,Premium,2023-12-12,43,Female,823
42,Customer 42,customer42@example.com,UK,Premium,2022-10-22,69,Other,424
43,Customer 43,customer43@example.com,UK,Premium,2015-04-12,68,Female,518
44,Customer 44,customer44@example.com,Brazil,Regular,2019-12-25,32,Male,58
45,Customer 45,customer45@example.com,Germany,Premium,2022-06-09,74,Female,634
46,Customer 46,customer46@example.com,France,VIP,2023-03-20,78,Other,314
47,Customer 47,customer47@example.com,Japan,VIP,2021-02-19,21,Female,352
48,Customer 48,customer48@example.com,Germany,Regular,2018-01-05,55,Male,352
49,Customer 49,customer49@example.com,Unknown,Premium,2010-09-15,66,Male,758
50,Customer 50,customer50@example.com,USA,VIP,2011-09-20,48,Male,455
51,Customer 51,customer51@example.com,Germany,Premium,2020-07-20,40,Female,8
52,Customer 52,customer52@example.com,Brazil,Premium,2023-08-17,64,Other,739
53,Customer 53,customer53@example.com,India,Regular,2021-11-02,38,Other,173
54,Customer 54,customer54@example.com,UK,VIP,2020-05-16,60,Male,132
55,Customer 55,customer55@example.com,UK,Regular,2019-06-16,33,Other,935
56,Customer 56,customer56@example.com,Canada,VIP,2014-06-25,24,Female,895
57,Customer 57,customer57@example.com,China,VIP,2010-12-08,41,Other,10
58,Customer 58,,UK,Premium,2015-04-27,35,Female,454
59,Customer 59,customer59@example.com,Brazil,Regular,2023-08-31,76,Female,253
60,Customer 60,customer60@example.com,UK,Premium,2016-06-21,43,Male,784
61,Customer 61,customer61@example.com,Australia,Regular,2016-06-21,30,Other,32
62,Customer 62,customer62@example.com,UK,Regular,2014-07-21,58,Male,319
63,Customer 63,customer63@example.com,Japan,Premium,2010-10-22,60,Other,984
64,Customer 64,customer64@example.com,Germany,Regular,2023-08-07,-1,Female,691
65,Customer 65,customer65@example.com,Australia,Premium,2022-09-10,63,Other,163
66,Customer 66,customer66@example.com,India,Regular,2017-01-22,26,Male,163
67,Customer 67,customer67@example.com,Canada,VIP,2010-09-16,51,Female,216
68,Customer 68,customer68@example.com,France,Premium,2020-03-20,66,Female,879
69,Customer 69,,France,Premium,2020-02-14,62,Female,947
70,Customer 70,customer70@example.com,USA,VIP,2010-03-19,19,Male,592
71,Customer 71,customer71@example.com,Japan,Regular,2021-11-06,73,Other,65
72,Customer 72,customer72@example.com,France,Regular,2023-07-26,60,Male,292
73,Customer 73,customer73@example.com,USA,Regular,2019-07-07,23,Male,703
74,Customer 74,customer74@example.com,Brazil,Premium,2011-09-27,-1,Male,962
75,Customer 75,customer75@example.com,China,Regular,2019-08-27,40,Male,448
76,Customer 76,customer76@example.com,Australia,VIP,2011-03-11,78,Other,739
77,Customer 77,customer77@example.com,Brazil,Regular,2017-02-15,61,Other,425
78,Customer 78,customer78@example.com,India,Premium,2014-04-14,48,Male,49
79,Customer 79,customer79@example.com,Canada,VIP,2012-07-07,32,Other,763
80,Customer 80,customer80@example.com,Unknown,Premium,2010-01-28,40,Other,115
81,Customer 81,customer81@example.com,Canada,Regular,2010-01-14,35,Male,721
82,Customer 82,customer82@example.com,Unknown,VIP,2017-12-28,53,Other,474
83,Customer 83,customer83@example.com,India,Premium,2012-11-10,20,Male,996
84,Customer 84,customer84@example.com,UK,VIP,2011-07-12,77,Other,945
85,Customer 85,customer85@example.com,UK,Regular,2015-01-17,56,Other,148
86,Customer 86,customer86@example.com,Germany,Regular,2016-10-26,58,Other,675
87,Customer 87,customer87@example.com,India,Regular,2023-02-22,54,Male,855
88,Customer 88,customer88@example.com,China,VIP,2011-03-27,59,Other,269
89,Customer 89,customer89@example.com,India,Premium,2019-04-22,73,Female,669
90,Customer 90,customer90@example.com,Brazil,Premium,2017-08-30,64,Female,274
91,Customer 91,,USA,Regular,2017-09-24,39,Female,730
92,Customer 92,customer92@example.com,Australia,Premium,2011-10-30,30,Female,639
93,Customer 93,customer93@example.com,Canada,Regular,2020-03-03,65,Female,48
94,Customer 94,customer94@example.com,France,Premium,2013-09-23,52,Other,157
95,Customer 95,customer95@example.com,Canada,VIP,2014-05-03,36,Male,112
96,Customer 96,customer96@example.com,Australia,Regular,2010-11-24,26,Male,658
97,Customer 97,,Unknown,VIP,2012-03-22,34,Female,463
98,Customer 98,customer98@example.com,Germany,VIP,2010-07-11,38,Male,242
99,Customer 99,customer99@example.com,China,Regular,2018-10-12,62,Female,477
100,Customer 100,customer100@example.com,UK,Regular,2022-01-18,18,Other,689
101,Customer 101,customer101@example.com,Japan,VIP,2015-11-29,75,Male,2
102,Customer 102,customer102@example.com,UK,Regular,2017-08-28,73,Female,641
103,Customer 103,customer103@example.com,Japan,Regular,2023-09-25,53,Male,778
104,Customer 104,customer104@example.com,Germany,Regular,2015-09-11,36,Female,726
105,Customer 105,customer105@example.com,Germany,Regular,2020-10-02,43,Other,667
106,Customer 106,customer106@example.com,India,Regular,2021-03-22,47,Male,678
107,Customer 107,customer107@example.com,Germany,VIP,2017-02-13,38,Male,162
108,Customer 108,customer108@example.com,China,VIP,2017-03-29,18,Other,282
109,Customer 109,customer109@example.com,Japan,Premium,2016-03-15,29,Male,271
110,Customer 110,customer110@example.com,China,VIP,2018-11-25,51,Male,805
111,Customer 111,,UK,Regular,2014-11-14,24,Female,616
112,Customer 112,customer112@example.com,USA,VIP,2023-12-09,43,Female,591
113,Customer 113,customer113@example.com,China,Regular,2015-03-24,70,Other,610
114,Customer 114,customer114@example.com,France,VIP,2012-10-30,37,Female,870
115,Customer 115,customer115@example.com,China,VIP,2014-02-04,30,Female,784
116,Customer 116,customer116@example.com,USA,Premium,2018-01-07,48,Male,968
117,Customer 117,customer117@example.com,France,Regular,2021-10-24,60,Male,72
118,Customer 118,customer118@example.com,Japan,VIP,2020-07-27,51,Other,775
119,Customer 119,customer119@example.com,Germany,VIP,2021-09-21,65,Male,129
120,Customer 120,customer120@example.com,Japan,Premium,2021-10-02,67,Male,162
121,Customer 121,customer121@example.com,France,Regular,2023-11-05,49,Other,124
122,Customer 122,customer122@example.com,Australia,VIP,2010-05-22,73,Other,790
123,Customer 123,customer123@example.com,USA,VIP,2014-10-07,37,Other,537
124,Customer 124,customer124@example.com,India,VIP,2018-03-10,34,Female,325
125,Customer 125,customer125@example.com,UK,Regular,2015-05-25,79,Female,756
126,Customer 126,customer126@example.com,Australia,VIP,2016-02-10,70,Male,875
127,Customer 127,,Germany,Premium,2015-06-14,70,Male,600
128,Customer 128,customer128@example.com,India,VIP,2020-04-12,69,Female,841
129,Customer 129,customer129@example.com,India,VIP,2017-02-23,24,Other,888
130,Customer 130,customer130@example.com,Canada,VIP,2019-12-05,63,Other,608
131,Customer 131,customer131@example.com,Australia,VIP,2015-12-31,74,Male,784
132,Customer 132,customer132@example.com,France,VIP,2014-06-17,59,Other,82
133,Customer 133,customer133@example.com,Brazil,VIP,2010-01-26,51,Female,957
134,Customer 134,customer134@example.com,USA,Regular,2015-11-20,69,Female,943
135,Customer 135,customer135@example.com,France,VIP,2012-01-10,21,Female,759
136,Customer 136,customer136@example.com,UK,Regular,2010-04-22,39,Female,517
137,Customer 137,customer137@example.com,China,Regular,2021-08-11,58,Other,239
138,Customer 138,customer138@example.com,UK,Regular,2017-08-17,29,Female,184
139,Customer 139,customer139@example.com,Australia,Premium,2016-07-09,23,Other,372
140,Customer 140,customer140@example.com,India,Regular,2015-02-16,78,Male,671
141,Customer 141,customer141@example.com,Australia,Regular,2016-09-01,65,Other,273
142,Customer 142,customer142@example.com,USA,Regular,2015-11-11,34,Female,716
143,Customer 143,customer143@example.com,Germany,Regular,2014-08-22,32,Female,558
144,Customer 144,customer144@example.com,Canada,Premium,2012-11-13,46,Other,475
145,Customer 145,customer145@example.com,UK,Premium,2014-03-02,30,Female,654
146,Customer 146,customer146@example.com,Canada,Premium,2019-08-03,38,Other,578
147,Customer 147,customer147@example.com,France,Premium,2023-11-18,32,Other,924
148,Customer 148,customer148@example.com,Australia,VIP,2015-02-28,52,Male,350
149,Customer 149,customer149@example.com,Germany,VIP,2019-10-04,77,Other,403
150,Customer 150,customer150@example.com,USA,VIP,2018-08-18,39,Female,93
151,Customer 151,customer151@example.com,Canada,Premium,2018-05-05,31,Other,40
152,Customer 152,customer152@example.com,Brazil,Premium,2023-09-03,43,Female,613
153,Customer 153,customer153@example.com,Australia,VIP,2021-10-08,-1,Male,934
154,Customer 154,customer154@example.com,Australia,VIP,2015-07-05,24,Male,759
155,Customer 155,customer155@example.com,Japan,Regular,2012-09-29,65,Male,561
156,Customer 156,customer156@example.com,China,VIP,2012-07-23,47,Male,935
157,Customer 157,customer157@example.com,Unknown,VIP,2022-02-18,21,Other,756
158,Customer 158,customer158@example.com,China,Premium,2014-03-14,57,Other,753
159,Customer 159,customer159@example.com,USA,VIP,2023-02-05,58,Other,260
160,Customer 160,customer160@example.com,Germany,VIP,2019-06-13,25,Male,538
161,Customer 161,customer161@example.com,UK,Premium,2010-02-21,45,Female,124
162,Customer 162,customer162@example.com,Germany,Regular,2015-08-30,51,Female,970
163,Customer 163,customer163@example.com,Japan,Premium,2010-03-09,57,Female,36
164,Customer 164,customer164@example.com,Brazil,Regular,2020-08-21,24,Female,979
165,Customer 165,customer165@example.com,USA,VIP,2013-09-18,35,Female,429
166,Customer 166,customer166@example.com,USA,Premium,2020-07-12,43,Other,477
167,Customer 167,customer167@example.com,Japan,Regular,2021-04-15,48,Female,846
168,Customer 168,customer168@example.com,Canada,VIP,2013-10-27,27,Other,396
169,Customer 169,customer169@example.com,Australia,Regular,2014-11-08,37,Other,287
170,Customer 170,customer170@example.com,Canada,Regular,2014-04-30,57,Other,311
171,Customer 171,customer171@example.com,Australia,Premium,2020-01-03,79,Female,295
172,Customer 172,customer172@example.com,India,VIP,2017-01-08,70,Other,129
173,Customer 173,customer173@example.com,Australia,VIP,2020-03-13,47,Other,43
174,Customer 174,customer174@example.com,Brazil,Regular,2012-01-02,36,Male,666
175,Customer 175,customer175@example.com,Canada,Premium,2021-06-03,55,Other,543
176,Customer 176,customer176@example.com,Australia,Regular,2021-02-16,72,Male,728
177,Customer 177,customer177@example.com,China,Regular,2021-12-12,51,Male,807
178,Customer 178,customer178@example.com,France,Premium,2022-01-02,56,Male,902
179,Customer 179,customer179@example.com,Unknown,Premium,2014-02-10,59,Other,854
180,Customer 180,,UK,Premium,2013-09-03,28,Male,51
181,Customer 181,customer181@example.com,India,Premium,2021-07-01,64,Male,44
182,Customer 182,customer182@example.com,UK,Regular,2013-04-14,60,Male,839
183,Customer 183,customer183@example.com,UK,Premium,2017-12-30,64,Other,320
184,Customer 184,customer184@example.com,Japan,VIP,2016-05-18,20,Male,550
185,Customer 185,customer185@example.com,Brazil,Premium,2019-08-27,74,Male,772
186,Customer 186,customer186@example.com,Germany,VIP,2012-01-08,73,Other,33
187,Customer 187,customer187@example.com,Unknown,Premium,2013-02-07,19,Male,171
188,Customer 188,customer188@example.com,USA,Premium,2019-10-01,70,Male,219
189,Customer 189,customer189@example.com,Brazil,Regular,2017-11-25,30,Female,491
190,Customer 190,customer190@example.com,India,Premium,2012-04-02,74,Other,158
191,Customer 191,customer191@example.com,Canada,Regular,2023-04-26,69,Male,184
192,Customer 192,,USA,Premium,2022-04-14,78,Male,572
193,Customer 193,customer193@example.com,France,VIP,2022-03-29,28,Female,834
194,Customer 194,customer194@example.com,France,VIP,2016-05-16,57,Female,555
195,Customer 195,customer195@example.com,China,Regular,2023-01-28,59,Other,631
196,Customer 196,customer196@example.com,Brazil,VIP,2011-01-17,57,Male,506
197,Customer 197,customer197@example.com,Japan,Premium,2023-07-02,-1,Male,283
198,Customer 198,customer198@example.com,France,Premium,2016-07-12,20,Male,767
199,Customer 199,customer199@example.com,China,VIP,2014-02-16,70,Female,135
200,Customer 200,customer200@example.com,UK,Premium,2012-07-26,77,Female,977
201,Customer 201,customer201@example.com,Canada,Premium,2013-08-21,18,Female,735
202,Customer 202,customer202@example.com,Japan,VIP,2016-11-03,76,Male,292
203,Customer 203,customer203@example.com,Germany,Premium,2021-01-11,33,Other,741
204,Customer 204,customer204@example.com,India,VIP,2020-08-11,54,Male,595
205,Customer 205,customer205@example.com,Australia,Regular,2013-07-27,71,Other,778
206,Customer 206,customer206@example.com,Brazil,Premium,2018-09-26,71,Male,746
207,Customer 207,customer207@example.com,USA,VIP,2017-03-29,72,Female,616
208,Customer 208,customer208@example.com,USA,Regular,2018-08-23,61,Other,472
209,Customer 209,customer209@example.com,USA,Regular,2010-03-28,54,Other,205
210,Customer 210,customer210@example.com,USA,Premium,2012-08-20,72,Male,871
211,Customer 211,customer211@example.com,India,VIP,2014-08-14,69,Male,362
212,Customer 212,customer212@example.com,China,VIP,2014-10-19,66,Male,149
213,Customer 213,customer213@example.com,India,Regular,2016-12-03,29,Male,416
214,Customer 214,customer214@example.com,Australia,VIP,2020-08-18,35,Female,454
215,Customer 215,customer215@example.com,USA,VIP,2023-09-15,44,Female,79
216,Customer 216,customer216@example.com,Australia,Premium,2020-05-20,64,Female,212
217,Customer 217,customer217@example.com,Germany,Premium,2014-10-17,74,Female,428
218,Customer 218,customer218@example.com,UK,Regular,2013-05-03,76,Other,502
219,Customer 219,customer219@example.com,China,VIP,2023-02-07,39,Male,542
220,Customer 220,customer220@example.com,USA,VIP,2010-03-08,51,Male,202
221,Customer 221,customer221@example.com,Australia,VIP,2020-10-29,37,Male,678
222,Customer 222,customer222@example.com,USA,Regular,2016-11-09,59,Other,989
223,Customer 223,customer223@example.com,Brazil,Premium,2017-05-10,53,Female,776
224,Customer 224,customer224@example.com,Brazil,Premium,2021-02-18,32,Female,244
225,Customer 225,customer225@example.com,USA,Premium,2011-08-24,72,Female,791
226,Customer 226,customer226@example.com,Australia,Premium,2010-10-31,68,Male,490
227,Customer 227,customer227@example.com,France,Premium,2013-10-22,52,Female,237
228,Customer 228,customer228@example.com,Germany,VIP,2019-06-18,69,Female,327
229,Customer 229,customer229@example.com,Japan,Premium,2013-02-18,45,Female,475
230,Customer 230,customer230@example.com,Brazil,VIP,2015-05-28,31,Male,310
231,Customer 231,customer231@example.com,Australia,Premium,2021-09-13,41,Female,72
232,Customer 232,,Australia,VIP,2013-03-07,60,Male,99
233,Customer 233,customer233@example.com,Germany,VIP,2016-03-17,36,Female,576
234,Customer 234,customer234@example.com,USA,VIP,2018-04-01,19,Other,649
235,Customer 235,customer235@example.com,Australia,Regular,2021-09-03,57,Male,233
236,Customer 236,customer236@example.com,China,Premium,2022-07-25,39,Female,13
237,Customer 237,customer237@example.com,Brazil,VIP,2023-10-29,58,Male,160
238,Customer 238,customer238@example.com,France,Premium,2022-08-26,59,Male,765
239,Customer 239,customer239@example.com,France,Premium,2015-03-06,30,Female,340
240,Customer 240,customer240@example.com,Japan,Regular,2012-04-01,21,Other,924
241,Customer 241,customer241@example.com,Japan,VIP,2013-08-18,23,Female,941
242,Customer 242,customer242@example.com,China,VIP,2022-07-16,73,Other,633
243,Customer 243,customer243@example.com,USA,VIP,2015-01-17,42,Other,999
244,Customer 244,customer244@example.com,UK,Regular,2023-02-04,27,Female,100
245,Customer 245,customer245@example.com,UK,Regular,2023-08-19,31,Other,339
246,Customer 246,customer246@example.com,UK,Premium,2019-05-14,41,Male,495
247,Customer 247,customer247@example.com,China,Regular,2017-01-31,57,Male,265
248,Customer 248,customer248@example.com,Brazil,Premium,2011-10-05,36,Male,269
249,Customer 249,customer249@example.com,Australia,Regular,2019-02-27,24,Other,302
250,Customer 250,customer250@example.com,UK,Regular,2015-10-27,67,Male,897
251,Customer 251,customer251@example.com,France,VIP,2011-01-01,51,Male,34
252,Customer 252,customer252@example.com,India,Regular,2012-07-08,56,Female,727
253,Customer 253,customer253@example.com,USA,VIP,2014-05-04,-1,Male,129
254,Customer 254,customer254@example.com,Australia,Premium,2017-04-20,18,Other,475
255,Customer 255,customer255@example.com,Australia,VIP,2019-09-25,67,Other,581
256,Customer 256,customer256@example.com,Germany,Regular,2018-05-22,72,Male,494
257,Customer 257,customer257@example.com,Japan,VIP,2010-10-29,37,Other,117
258,Customer 258,customer258@example.com,China,Regular,2014-09-08,50,Male,719
259,Customer 259,customer259@example.com,China,Regular,2018-04-27,29,Female,22
260,Customer 260,customer260@example.com,China,VIP,2012-03-19,36,Other,307
261,Customer 261,customer261@example.com,USA,Premium,2019-09-14,59,Other,115
262,Customer 262,customer262@example.com,India,VIP,2010-01-21,39,Female,796
263,Customer 263,customer263@example.com,Germany,Premium,2022-04-14,70,Male,469
264,Customer 264,,Germany,Premium,2012-07-02,75,Male,906
265,Customer 265,customer265@example.com,Canada,Regular,2014-06-09,76,Male,87
266,Customer 266,customer266@example.com,UK,Premium,2013-09-16,59,Female,175
267,Customer 267,customer267@example.com,Germany,VIP,2016-05-05,46,Female,999
268,Customer 268,customer268@example.com,Japan,Premium,2014-04-02,48,Male,29
269,Customer 269,customer269@example.com,Japan,Premium,2021-08-28,31,Other,989
270,Customer 270,customer270@example.com,Japan,VIP,2017-11-25,48,Male,787
271,Customer 271,customer271@example.com,USA,Regular,2017-04-05,28,Female,408
272,Customer 272,customer272@example.com,Australia,Premium,2012-07-13,18,Male,311
273,Customer 273,customer273@example.com,Australia,VIP,2016-04-18,75,Female,455
274,Customer 274,customer274@example.com,Japan,Regular,2010-12-19,73,Male,198
275,Customer 275,customer275@example.com,USA,Regular,2010-09-10,76,Female,846
276,Customer 276,customer276@example.com,France,Premium,2018-10-17,23,Other,520
277,Customer 277,,Australia,Regular,2019-11-05,26,Other,681
278,Customer 278,,Germany,Regular,2020-03-09,22,Male,85
279,Customer 279,customer279@example.com,Brazil,Premium,2019-05-02,35,Female,977
280,Customer 280,customer280@example.com,Brazil,Regular,2021-09-27,35,Female,955
281,Customer 281,customer281@example.com,Canada,Premium,2016-10-23,58,Other,998
282,Customer 282,customer282@example.com,Australia,VIP,2018-02-01,57,Male,733
283,Customer 283,customer283@example.com,Japan,VIP,2013-08-07,30,Male,264
284,Customer 284,customer284@example.com,Canada,Regular,2015-10-27,76,Female,857
285,Customer 285,customer285@example.com,USA,Premium,2012-03-25,24,Male,221
286,Customer 286,customer286@example.com,Brazil,Regular,2012-09-02,25,Female,959
287,Customer 287,customer287@example.com,UK,Premium,2020-11-27,32,Female,749
288,Customer 288,customer288@example.com,Unknown,Regular,2010-01-21,75,Other,761
289,Customer 289,,USA,Premium,2013-07-31,34,Other,48
290,Customer 290,customer290@example.com,India,Regular,2016-03-23,69,Other,473
291,Customer 291,customer291@example.com,India,VIP,2019-11-15,73,Male,130
292,Customer 292,customer292@example.com,Brazil,Regular,2019-01-25,58,Other,707
293,Customer 293,customer293@example.com,UK,Regular,2011-07-12,19,Female,445
294,Customer 294,customer294@example.com,Canada,Regular,2016-11-18,40,Other,229
295,Customer 295,customer295@example.com,France,Premium,2021-12-26,68,Male,624
296,Customer 296,customer296@example.com,USA,Premium,2017-07-23,35,Female,479
297,Customer 297,customer297@example.com,India,Premium,2011-12-01,38,Other,977
298,Customer 298,,India,Premium,2011-02-23,37,Female,603
299,Customer 299,customer299@example.com,Australia,Regular,2023-05-05,70,Male,464
300,Customer 300,,Japan,Regular,2016-10-15,53,Male,798
301,Customer 301,customer301@example.com,France,Premium,2020-01-14,57,Other,920
302,Customer 302,customer302@example.com,UK,Regular,2010-12-20,23,Other,524
303,Customer 303,customer303@example.com,UK,VIP,2014-12-25,58,Male,153
304,Customer 304,customer304@example.com,Unknown,VIP,2015-12-09,29,Female,206
305,Customer 305,customer305@example.com,Germany,Premium,2020-10-16,28,Female,343
306,Customer 306,customer306@example.com,France,VIP,2017-04-02,49,Male,853
307,Customer 307,customer307@example.com,Unknown,VIP,2011-05-21,27,Male,604
308,Customer 308,customer308@example.com,UK,Regular,2017-04-17,19,Other,138
309,Customer 309,customer309@example.com,Canada,VIP,2011-02-04,19,Female,475
310,Customer 310,customer310@example.com,UK,VIP,2015-02-22,45,Female,673
311,Customer 311,customer311@example.com,Australia,Premium,2019-08-08,74,Male,848
312,Customer 312,customer312@example.com,Germany,Regular,2018-01-30,67,Male,996
313,Customer 313,customer313@example.com,Unknown,Regular,2017-08-20,63,Male,855
314,Customer 314,customer314@example.com,Unknown,VIP,2015-06-13,36,Other,661
315,Customer 315,customer315@example.com,France,Premium,2021-10-10,42,Female,89
316,Customer 316,customer316@example.com,France,Premium,2011-02-16,22,Other,101
317,Customer 317,customer317@example.com,India,Premium,2016-05-08,41,Female,787
318,Customer 318,customer318@example.com,Japan,VIP,2023-02-21,-1,Male,575
319,Customer 319,customer319@example.com,Brazil,Regular,2020-01-08,60,Male,228
320,Customer 320,customer320@example.com,Germany,VIP,2019-04-30,76,Female,274
321,Customer 321,customer321@example.com,Brazil,Regular,2023-10-16,39,Female,801
322,Customer 322,customer322@example.com,India,Premium,2023-03-26,31,Female,864
323,Customer 323,customer323@example.com,Australia,Premium,2015-04-09,68,Male,602
324,Customer 324,customer324@example.com,Germany,Regular,2015-07-28,59,Male,846
325,Customer 325,customer325@example.com,Brazil,Premium,2021-05-30,78,Female,115
326,Customer 326,,Japan,Premium,2019-04-08,47,Other,79
327,Customer 327,customer327@example.com,Japan,Regular,2015-05-03,47,Male,125
328,Customer 328,customer328@example.com,USA,Regular,2015-03-29,46,Female,869
329,Customer 329,customer329@example.com,UK,VIP,2016-12-18,47,Male,214
330,Customer 330,,China,VIP,2023-03-12,58,Male,60
331,Customer 331,customer331@example.com,Japan,VIP,2015-08-08,38,Female,686
332,Customer 332,,France,Premium,2019-12-12,63,Male,264
333,Customer 333,customer333@example.com,France,VIP,2015-06-15,-1,Other,297
334,Customer 334,customer334@example.com,Germany,Regular,2016-11-06,36,Female,856
335,Customer 335,customer335@example.com,Japan,Premium,2012-03-28,77,Other,135
336,Customer 336,customer336@example.com,Brazil,Premium,2021-01-13,60,Other,266
337,Customer 337,customer337@example.com,Germany,Regular,2012-11-29,36,Other,52
338,Customer 338,customer338@example.com,UK,Premium,2012-08-30,74,Female,139
339,Customer 339,customer339@example.com,Japan,Premium,2021-05-02,32,Other,707
340,Customer 340,customer340@example.com,Unknown,Premium,2018-04-22,71,Female,65
341,Customer 341,customer341@example.com,Brazil,VIP,2021-03-10,51,Female,160
342,Customer 342,customer342@example.com,Japan,Premium,2010-09-11,46,Other,709
343,Customer 343,customer343@example.com,Canada,VIP,2018-08-21,19,Other,852
344,Customer 344,customer344@example.com,Brazil,Regular,2017-03-09,50,Female,300
345,Customer 345,customer345@example.com,Brazil,Regular,2016-03-04,34,Female,206
346,Customer 346,customer346@example.com,Canada,VIP,2013-04-24,26,Other,654
347,Customer 347,,USA,Regular,2018-08-21,62,Other,585
348,Customer 348,customer348@example.com,India,Regular,2017-10-04,78,Male,269
349,Customer 349,customer349@example.com,Japan,VIP,2010-10-26,69,Male,68
350,Customer 350,customer350@example.com,Germany,Premium,2019-08-22,30,Female,13
351,Customer 351,customer351@example.com,Brazil,VIP,2016-09-10,35,Female,764
352,Customer 352,customer352@example.com,Australia,Premium,2016-01-29,18,Female,264
353,Customer 353,customer353@example.com,China,Premium,2013-09-14,29,Female,681
354,Customer 354,customer354@example.com,Japan,Regular,2014-02-23,25,Other,200
355,Customer 355,customer355@example.com,India,Premium,2018-05-09,76,Male,11
356,Customer 356,customer356@example.com,China,Premium,2018-02-12,56,Other,69
357,Customer 357,customer357@example.com,India,VIP,2014-09-21,59,Male,881
358,Customer 358,customer358@example.com,USA,Regular,2011-10-27,39,Other,647
359,Customer 359,customer359@example.com,Japan,Premium,2023-07-24,22,Other,169
360,Customer 360,customer360@example.com,Germany,Premium,2021-12-16,37,Female,554
361,Customer 361,customer361@example.com,Australia,Regular,2017-05-26,53,Male,661
362,Customer 362,customer362@example.com,Unknown,Regular,2016-01-11,74,Male,777
363,Customer 363,customer363@example.com,France,Regular,2015-12-02,35,Male,520
364,Customer 364,customer364@example.com,India,Premium,2019-03-13,27,Other,515
365,Customer 365,customer365@example.com,Australia,Premium,2023-03-17,78,Other,32
366,Customer 366,customer366@example.com,China,Premium,2018-10-09,21,Other,123
367,Customer 367,customer367@example.com,Brazil,Regular,2022-09-15,64,Other,24
368,Customer 368,customer368@example.com,Canada,VIP,2023-02-10,76,Female,522
369,Customer 369,customer369@example.com,Brazil,Regular,2010-08-09,42,Female,115
370,Customer 370,customer370@example.com,Brazil,VIP,2012-09-30,57,Other,988
371,Customer 371,customer371@example.com,Brazil,Premium,2013-01-19,39,Male,860
372,Customer 372,customer372@example.com,Germany,Regular,2020-05-05,35,Other,716
373,Customer 373,customer373@example.com,China,VIP,2013-10-21,72,Male,1
374,Customer 374,customer374@example.com,UK,Premium,2023-04-19,63,Female,379
375,Customer 375,customer375@example.com,Germany,Regular,2022-06-30,36,Other,894
376,Customer 376,customer376@example.com,Unknown,Premium,2019-01-28,41,Male,908
377,Customer 377,customer377@example.com,Germany,Regular,2022-04-08,71,Female,590
378,Customer 378,customer378@example.com,Germany,Premium,2012-12-31,74,Female,846
379,Customer 379,customer379@example.com,France,VIP,2021-11-28,50,Other,12
380,Customer 380,customer380@example.com,Japan,VIP,2022-12-26,77,Other,150
381,Customer 381,customer381@example.com,Germany,Regular,2016-04-15,73,Female,477
382,Customer 382,customer382@example.com,Germany,Premium,2012-02-29,77,Other,204
383,Customer 383,customer383@example.com,UK,Regular,2018-11-12,59,Other,409
384,Customer 384,,Unknown,Premium,2011-03-05,60,Other,819
385,Customer 385,customer385@example.com,UK,Regular,2017-04-06,18,Other,690
386,Customer 386,customer386@example.com,China,VIP,2022-07-13,65,Other,235
387,Customer 387,customer387@example.com,Canada,Premium,2013-05-22,48,Male,430
388,Customer 388,customer388@example.com,UK,VIP,2017-04-04,40,Male,21
389,Customer 389,customer389@example.com,Germany,VIP,2012-06-06,51,Male,571
390,Customer 390,customer390@example.com,Brazil,Premium,2015-06-21,56,Male,670
391,Customer 391,customer391@example.com,Canada,Regular,2010-08-29,33,Male,255
392,Customer 392,customer392@example.com,Canada,Regular,2011-10-04,79,Female,998
393,Customer 393,customer393@example.com,Japan,Premium,2021-06-20,44,Male,522
394,Customer 394,customer394@example.com,Japan,VIP,2022-11-15,58,Female,455
395,Customer 395,customer395@example.com,Canada,Regular,2016-10-25,67,Other,132
396,Customer 396,customer396@example.com,France,Regular,2015-09-05,79,Female,925
397,Customer 397,customer397@example.com,Brazil,VIP,2011-01-18,36,Other,245
398,Customer 398,customer398@example.com,Canada,Premium,2017-12-26,33,Male,228
399,Customer 399,customer399@example.com,UK,VIP,2015-08-04,-1,Other,741
400,Customer 400,customer400@example.com,Australia,Regular,2018-12-08,74,Male,164
401,Customer 401,customer401@example.com,India,Premium,2020-04-17,27,Female,747
402,Customer 402,customer402@example.com,Australia,Premium,2020-11-30,52,Female,804
403,Customer 403,customer403@example.com,UK,VIP,2021-05-24,59,Female,864
404,Customer 404,customer404@example.com,India,Regular,2010-08-03,51,Other,835
405,Customer 405,customer405@example.com,UK,VIP,2023-01-27,73,Female,675
406,Customer 406,customer406@example.com,China,Regular,2023-09-08,58,Other,899
407,Customer 407,customer407@example.com,USA,Regular,2018-11-29,30,Other,910
408,Customer 408,customer408@example.com,India,VIP,2012-04-12,22,Female,631
409,Customer 409,customer409@example.com,India,VIP,2012-10-30,37,Male,160
410,Customer 410,customer410@example.com,China,Premium,2018-11-10,35,Female,942
411,Customer 411,customer411@example.com,France,VIP,2014-10-23,69,Other,13
412,Customer 412,customer412@example.com,Unknown,VIP,2012-09-15,79,Female,28
413,Customer 413,customer413@example.com,Australia,Regular,2018-10-11,23,Female,971
414,Customer 414,customer414@example.com,Germany,Premium,2012-02-17,51,Female,129
415,Customer 415,customer415@example.com,Australia,VIP,2011-03-06,22,Male,680
416,Customer 416,customer416@example.com,Japan,Premium,2011-09-14,69,Female,179
417,Customer 417,,China,Premium,2013-12-23,73,Female,226
418,Customer 418,customer418@example.com,Japan,Premium,2015-03-10,29,Female,908
419,Customer 419,customer419@example.com,Canada,Premium,2017-11-01,40,Female,511
420,Customer 420,customer420@example.com,France,Premium,2013-07-24,75,Male,738
421,Customer 421,customer421@example.com,Australia,Premium,2021-05-13,28,Male,586
422,Customer 422,customer422@example.com,Japan,Premium,2012-04-02,33,Male,354
423,Customer 423,customer423@example.com,Brazil,Premium,2018-05-27,18,Female,417
424,Customer 424,customer424@example.com,China,Premium,2023-11-03,54,Female,551
425,Customer 425,customer425@example.com,France,Regular,2010-12-19,62,Other,730
426,Customer 426,customer426@example.com,China,Premium,2019-08-19,49,Other,208
427,Customer 427,customer427@example.com,USA,Premium,2021-10-05,40,Female,489
428,Customer 428,customer428@example.com,China,Premium,2011-11-24,44,Male,562
429,Customer 429,customer429@example.com,France,Regular,2013-03-17,24,Female,311
430,Customer 430,customer430@example.com,Germany,VIP,2016-12-03,67,Female,301
431,Customer 431,customer431@example.com,India,VIP,2014-01-12,63,Male,816
432,Customer 432,,USA,Premium,2018-05-11,29,Other,791
433,Customer 433,customer433@example.com,Brazil,Premium,2013-07-11,18,Female,666
434,Customer 434,customer434@example.com,Brazil,Regular,2018-07-09,64,Male,484
435,Customer 435,customer435@example.com,UK,VIP,2012-07-15,63,Female,695
436,Customer 436,customer436@example.com,India,Regular,2021-06-26,40,Male,852
437,Customer 437,customer437@example.com,Japan,VIP,2018-05-21,59,Female,130
438,Customer 438,customer438@example.com,Germany,Premium,2016-10-13,20,Female,754
439,Customer 439,customer439@example.com,UK,Regular,2018-01-31,78,Female,770
440,Customer 440,customer440@example.com,Brazil,Premium,2018-05-26,56,Female,215
441,Customer 441,customer441@example.com,UK,Regular,2010-09-28,56,Other,737
442,Customer 442,customer442@example.com,France,VIP,2018-09-24,34,Other,483
443,Customer 443,customer443@example.com,Canada,Premium,2015-05-26,41,Male,209
444,Customer 444,customer444@example.com,Japan,Regular,2016-09-13,47,Female,792
445,Customer 445,customer445@example.com,Brazil,Regular,2016-06-11,37,Male,195
446,Customer 446,customer446@example.com,France,Premium,2015-08-19,70,Male,121
447,Customer 447,customer447@example.com,Brazil,Premium,2016-05-10,21,Other,586
448,Customer 448,customer448@example.com,UK,VIP,2015-04-09,73,Male,825
449,Customer 449,customer449@example.com,Germany,VIP,2011-01-24,53,Male,773
450,Customer 450,customer450@example.com,Germany,VIP,2017-04-08,43,Other,807
451,Customer 451,customer451@example.com,France,Regular,2010-12-01,35,Male,818
452,Customer 452,customer452@example.com,China,Premium,2015-06-17,78,Male,3
453,Customer 453,customer453@example.com,Germany,Premium,2021-01-21,55,Female,253
454,Customer 454,customer454@example.com,India,VIP,2019-09-21,27,Male,336
455,Customer 455,customer455@example.com,USA,VIP,2011-12-04,56,Male,553
456,Customer 456,customer456@example.com,Japan,Premium,2019-09-14,33,Other,68
457,Customer 457,customer457@example.com,Japan,Regular,2011-04-04,26,Male,554
458,Customer 458,customer458@example.com,Brazil,VIP,2017-02-10,78,Female,949
459,Customer 459,customer459@example.com,UK,VIP,2016-10-04,46,Male,142
460,Customer 460,customer460@example.com,France,VIP,2020-07-29,29,Other,689
461,Customer 461,customer461@example.com,Canada,VIP,2012-01-25,72,Other,415
462,Customer 462,customer462@example.com,UK,Regular,2018-12-26,47,Other,340
463,Customer 463,customer463@example.com,France,Regular,2021-05-19,-1,Other,434
464,Customer 464,customer464@example.com,Unknown,Regular,2018-02-19,28,Male,32
465,Customer 465,customer465@example.com,Japan,Premium,2020-04-07,28,Other,295
466,Customer 466,customer466@example.com,USA,Premium,2013-07-15,34,Female,470
467,Customer 467,customer467@example.com,China,Regular,2023-12-15,35,Other,571
468,Customer 468,customer468@example.com,UK,Regular,2017-09-27,20,Other,375
469,Customer 469,customer469@example.com,Germany,Premium,2019-03-10,23,Male,299
470,Customer 470,customer470@example.com,USA,Regular,2023-07-06,61,Other,275
471,Customer 471,customer471@example.com,Australia,VIP,2014-12-12,42,Female,581
472,Customer 472,customer472@example.com,Japan,VIP,2013-07-31,64,Male,47
473,Customer 473,customer473@example.com,Australia,Regular,2011-04-08,23,Female,504
474,Customer 474,customer474@example.com,France,Premium,2017-06-26,52,Other,514
475,Customer 475,customer475@example.com,India,Regular,2019-04-11,66,Female,868
476,Customer 476,customer476@example.com,India,VIP,2021-09-01,37,Male,885
477,Customer 477,customer477@example.com,Canada,Premium,2022-10-01,70,Female,389
478,Customer 478,customer478@example.com,Japan,VIP,2012-07-23,62,Male,283
479,Customer 479,customer479@example.com,India,VIP,2013-08-06,74,Female,134
480,Customer 480,,Australia,Regular,2018-08-26,47,Other,818
481,Customer 481,customer481@example.com,UK,Premium,2010-02-05,57,Other,437
482,Customer 482,customer482@example.com,Australia,VIP,2016-09-13,27,Other,632
483,Customer 483,customer483@example.com,UK,Regular,2022-11-27,32,Male,678
484,Customer 484,customer484@example.com,India,Premium,2015-04-06,76,Other,221
485,Customer 485,customer485@example.com,Unknown,Regular,2022-11-17,53,Male,212
486,Customer 486,customer486@example.com,USA,Premium,2014-11-03,57,Male,611
487,Customer 487,customer487@example.com,India,Regular,2023-06-07,38,Other,133
488,Customer 488,customer488@example.com,Japan,VIP,2021-07-10,31,Male,756
489,Customer 489,customer489@example.com,Germany,Premium,2012-11-02,35,Female,58
490,Customer 490,customer490@example.com,Brazil,Premium,2016-12-20,26,Other,904
491,Customer 491,customer491@example.com,Brazil,Regular,2019-05-23,72,Female,167
492,Customer 492,customer492@example.com,UK,Regular,2016-12-05,67,Female,386
493,Customer 493,customer493@example.com,India,VIP,2022-05-14,74,Male,740
494,Customer 494,customer494@example.com,Australia,VIP,2021-11-24,27,Female,259
495,Customer 495,customer495@example.com,USA,Regular,2016-09-16,70,Female,647
496,Customer 496,customer496@example.com,China,VIP,2022-11-02,77,Other,717
497,Customer 497,customer497@example.com,France,Premium,2015-11-03,55,Male,584
498,Customer 498,customer498@example.com,UK,Premium,2013-09-14,48,Male,350
499,Customer 499,customer499@example.com,UK,Premium,2022-02-03,52,Male,960
500,Customer 500,customer500@example.com,USA,VIP,2020-06-23,69,Male,859
501,Customer 501,customer501@example.com,Australia,Premium,2023-07-08,70,Other,540
502,Customer 502,customer502@example.com,Canada,Regular,2015-07-15,36,Other,186
503,Customer 503,customer503@example.com,Unknown,Regular,2010-12-24,48,Male,640
504,Customer 504,customer504@example.com,Brazil,Premium,2014-01-12,27,Female,398
505,Customer 505,customer505@example.com,China,Premium,2012-10-10,21,Female,947
506,Customer 506,customer506@example.com,India,Premium,2013-03-15,32,Male,142
507,Customer 507,customer507@example.com,USA,Regular,2022-05-14,60,Female,74
508,Customer 508,customer508@example.com,UK,VIP,2010-12-15,69,Other,949
509,Customer 509,customer509@example.com,Japan,Premium,2011-10-22,74,Female,298
510,Customer 510,customer510@example.com,UK,VIP,2021-05-12,21,Female,803
511,Customer 511,customer511@example.com,Brazil,Regular,2015-03-09,39,Male,775
512,Customer 512,customer512@example.com,France,VIP,2017-04-21,20,Male,233
513,Customer 513,customer513@example.com,India,Regular,2020-05-16,36,Other,661
514,Customer 514,customer514@example.com,China,Premium,2012-05-25,20,Other,360
515,Customer 515,customer515@example.com,UK,Regular,2011-08-02,32,Female,287
516,Customer 516,customer516@example.com,Australia,Regular,2013-05-13,66,Male,290
517,Customer 517,customer517@example.com,India,Premium,2014-09-07,52,Male,728
518,Customer 518,customer518@example.com,Canada,VIP,2015-08-16,22,Male,366
519,Customer 519,customer519@example.com,Canada,Regular,2021-11-01,56,Female,318
520,Customer 520,customer520@example.com,France,Premium,2014-01-02,57,Other,840
521,Customer 521,customer521@example.com,Australia,Premium,2018-06-06,46,Other,858
522,Customer 522,customer522@example.com,China,Premium,2023-04-27,22,Male,668
523,Customer 523,customer523@example.com,Germany,VIP,2014-11-05,65,Other,254
524,Customer 524,customer524@example.com,Brazil,VIP,2015-04-18,74,Other,808
525,Customer 525,customer525@example.com,India,Regular,2010-05-14,65,Other,492
526,Customer 526,customer526@example.com,USA,Premium,2014-03-19,23,Male,598
527,Customer 527,customer527@example.com,USA,Premium,2010-01-10,45,Other,831
528,Customer 528,customer528@example.com,Unknown,Premium,2023-07-11,39,Other,471
529,Customer 529,customer529@example.com,Germany,Premium,2015-02-11,27,Female,656
530,Customer 530,customer530@example.com,Japan,Regular,2012-07-21,78,Female,285
531,Customer 531,customer531@example.com,France,Premium,2013-03-16,62,Male,571
532,Customer 532,customer532@example.com,Japan,Regular,2021-02-26,32,Other,949
533,Customer 533,customer533@example.com,USA,VIP,2019-09-22,60,Female,768
534,Customer 534,customer534@example.com,Brazil,Premium,2021-04-07,69,Other,446
535,Customer 535,customer535@example.com,Canada,Regular,2021-03-03,46,Other,259
536,Customer 536,customer536@example.com,Canada,Regular,2016-10-02,30,Other,2
537,Customer 537,customer537@example.com,Germany,Regular,2011-07-09,40,Female,869
538,Customer 538,customer538@example.com,China,Premium,2013-11-11,78,Female,186
539,Customer 539,customer539@example.com,Brazil,VIP,2021-02-10,34,Female,260
540,Customer 540,customer540@example.com,Germany,VIP,2020-10-27,29,Male,346
541,Customer 541,,Japan,Regular,2017-11-05,20,Female,294
542,Customer 542,customer542@example.com,France,Premium,2017-06-30,52,Male,972
543,Customer 543,,UK,Premium,2013-06-22,35,Male,699
544,Customer 544,customer544@example.com,India,Regular,2020-06-26,68,Male,547
545,Customer 545,customer545@example.com,China,Premium,2020-01-25,77,Other,341
546,Customer 546,customer546@example.com,China,Regular,2011-07-23,33,Male,849
547,Customer 547,customer547@example.com,Japan,Premium,2018-09-06,71,Male,799
548,Customer 548,customer548@example.com,USA,Premium,2022-03-19,55,Male,556
549,Customer 549,customer549@example.com,Australia,Regular,2013-07-07,63,Male,80
550,Customer 550,customer550@example.com,India,Regular,2020-10-19,57,Female,492
551,Customer 551,customer551@example.com,Japan,VIP,2023-03-17,22,Male,647
552,Customer 552,customer552@example.com,Brazil,VIP,2011-06-14,45,Other,693
553,Customer 553,,India,Premium,2019-03-19,34,Female,763
554,Customer 554,customer554@example.com,China,Premium,2022-04-16,67,Male,476
555,Customer 555,customer555@example.com,Japan,Premium,2013-09-18,77,Male,174
556,Customer 556,customer556@example.com,China,Regular,2014-12-23,42,Female,329
557,Customer 557,customer557@example.com,Japan,Premium,2016-06-05,62,Other,287
558,Customer 558,customer558@example.com,India,Premium,2016-06-24,62,Female,222
559,Customer 559,,China,Regular,2015-07-12,24,Female,18
560,Customer 560,customer560@example.com,USA,Regular,2015-04-02,42,Male,434
561,Customer 561,customer561@example.com,USA,Premium,2022-07-14,30,Other,718
562,Customer 562,customer562@example.com,Canada,Regular,2018-03-26,60,Male,194
563,Customer 563,customer563@example.com,Germany,Premium,2012-03-30,35,Male,51
564,Customer 564,customer564@example.com,Germany,Premium,2020-01-15,26,Other,470
565,Customer 565,customer565@example.com,Canada,VIP,2012-10-13,35,Male,258
566,Customer 566,customer566@example.com,France,Regular,2021-10-25,64,Other,267
567,Customer 567,customer567@example.com,Germany,Regular,2020-08-15,55,Male,501
568,Customer 568,customer568@example.com,UK,VIP,2018-04-04,23,Male,233
569,Customer 569,customer569@example.com,USA,VIP,2014-08-22,21,Other,983
570,Customer 570,customer570@example.com,France,VIP,2014-01-07,53,Male,108
571,Customer 571,customer571@example.com,Germany,Regular,2012-04-09,44,Other,440
572,Customer 572,customer572@example.com,France,Premium,2017-07-25,25,Male,81
573,Customer 573,customer573@example.com,France,VIP,2016-07-27,21,Male,679
574,Customer 574,customer574@example.com,USA,Regular,2013-07-20,76,Female,911
575,Customer 575,customer575@example.com,Canada,Regular,2019-12-27,65,Female,523
576,Customer 576,customer576@example.com,Brazil,Premium,2019-05-30,75,Other,126
577,Customer 577,customer577@example.com,USA,VIP,2012-08-06,36,Other,569
578,Customer 578,customer578@example.com,USA,Premium,2013-07-06,28,Male,694
579,Customer 579,customer579@example.com,USA,Premium,2023-06-19,56,Male,720
580,Customer 580,customer580@example.com,Canada,Premium,2016-01-04,79,Male,465
581,Customer 581,customer581@example.com,Germany,Regular,2022-01-09,58,Female,636
582,Customer 582,customer582@example.com,Australia,VIP,2019-01-20,44,Other,237
583,Customer 583,customer583@example.com,Australia,Regular,2010-10-17,36,Male,997
584,Customer 584,customer584@example.com,UK,Premium,2017-04-02,29,Other,574
585,Customer 585,customer585@example.com,Australia,Premium,2010-10-05,67,Female,670
586,Customer 586,customer586@example.com,UK,Premium,2012-05-08,68,Female,588
587,Customer 587,customer587@example.com,USA,VIP,2015-10-15,43,Other,853
588,Customer 588,customer588@example.com,Germany,VIP,2016-06-24,69,Male,560
589,Customer 589,customer589@example.com,France,Premium,2019-01-16,60,Male,450
590,Customer 590,customer590@example.com,China,VIP,2012-10-01,79,Male,615
591,Customer 591,customer591@example.com,China,VIP,2014-08-05,71,Other,703
592,Customer 592,customer592@example.com,China,Regular,2011-05-05,65,Other,666
593,Customer 593,customer593@example.com,UK,VIP,2010-01-30,70,Other,713
594,Customer 594,customer594@example.com,USA,Premium,2021-10-06,20,Other,504
595,Customer 595,customer595@example.com,Brazil,Regular,2014-07-25,51,Female,942
596,Customer 596,customer596@example.com,Brazil,Premium,2017-04-17,-1,Male,515
597,Customer 597,customer597@example.com,China,Premium,2016-07-05,74,Other,258
598,Customer 598,customer598@example.com,Brazil,VIP,2012-12-25,37,Female,20
599,Customer 599,customer599@example.com,Japan,Regular,2014-05-04,31,Other,496
600,Customer 600,customer600@example.com,Brazil,Premium,2016-07-19,33,Other,483
601,Customer 601,customer601@example.com,UK,Regular,2018-01-08,40,Female,618
602,Customer 602,customer602@example.com,Japan,Premium,2015-02-27,62,Male,130
603,Customer 603,customer603@example.com,Canada,VIP,2012-04-06,24,Female,229
604,Customer 604,customer604@example.com,Japan,VIP,2015-07-29,66,Female,462
605,Customer 605,customer605@example.com,UK,VIP,2019-11-09,-1,Male,269
606,Customer 606,customer606@example.com,USA,Regular,2013-08-13,25,Other,580
607,Customer 607,customer607@example.com,Brazil,VIP,2014-10-15,76,Male,747
608,Customer 608,customer608@example.com,Japan,Regular,2020-12-07,64,Female,952
609,Customer 609,customer609@example.com,Australia,VIP,2014-10-07,24,Other,333
610,Customer 610,customer610@example.com,UK,Premium,2016-02-20,60,Other,742
611,Customer 611,,Germany,Regular,2018-09-22,45,Male,625
612,Customer 612,customer612@example.com,Japan,Premium,2023-12-26,28,Male,671
613,Customer 613,customer613@example.com,Brazil,Premium,2015-09-19,59,Other,824
614,Customer 614,customer614@example.com,China,Premium,2017-12-30,48,Female,209
615,Customer 615,customer615@example.com,USA,VIP,2010-07-26,74,Male,203
616,Customer 616,customer616@example.com,Brazil,Regular,2013-10-14,76,Male,853
617,Customer 617,customer617@example.com,France,VIP,2011-06-15,22,Female,112
618,Customer 618,customer618@example.com,India,Premium,2017-10-30,46,Male,473
619,Customer 619,customer619@example.com,Canada,VIP,2014-12-03,59,Female,924
620,Customer 620,customer620@example.com,France,VIP,2015-04-06,75,Male,577
621,Customer 621,customer621@example.com,Canada,Regular,2019-11-30,32,Female,63
622,Customer 622,,USA,VIP,2018-02-23,41,Other,908
623,Customer 623,customer623@example.com,Canada,Regular,2013-06-19,61,Other,238
624,Customer 624,customer624@example.com,Brazil,VIP,2017-07-05,-1,Male,941
625,Customer 625,customer625@example.com,Japan,Regular,2011-07-06,24,Female,768
626,Customer 626,customer626@example.com,Germany,Premium,2017-07-11,76,Other,612
627,Customer 627,customer627@example.com,Japan,Regular,2016-05-11,74,Female,237
628,Customer 628,customer628@example.com,Australia,VIP,2015-02-03,29,Female,584
629,Customer 629,customer629@example.com,Australia,Premium,2020-05-11,38,Other,370
630,Customer 630,customer630@example.com,China,Premium,2022-01-29,33,Female,158
631,Customer 631,customer631@example.com,China,Premium,2017-07-11,66,Female,725
632,Customer 632,customer632@example.com,USA,Premium,2019-04-30,57,Female,377
633,Customer 633,customer633@example.com,Australia,Premium,2023-05-01,45,Other,272
634,Customer 634,customer634@example.com,China,VIP,2019-08-09,26,Female,126
635,Customer 635,customer635@example.com,Brazil,VIP,2023-09-22,55,Female,966
636,Customer 636,customer636@example.com,India,VIP,2014-08-17,48,Other,876
637,Customer 637,customer637@example.com,Australia,VIP,2012-02-05,47,Other,220
638,Customer 638,customer638@example.com,Japan,Regular,2021-06-29,57,Other,962
639,Customer 639,customer639@example.com,Canada,VIP,2017-07-03,68,Male,850
640,Customer 640,customer640@example.com,USA,Regular,2011-09-03,25,Male,871
641,Customer 641,customer641@example.com,Germany,Premium,2010-02-04,37,Female,282
642,Customer 642,customer642@example.com,UK,Regular,2019-07-21,34,Other,388
643,Customer 643,customer643@example.com,Germany,Regular,2013-04-20,40,Male,112
644,Customer 644,customer644@example.com,UK,VIP,2023-05-18,70,Male,260
645,Customer 645,customer645@example.com,France,Premium,2015-01-10,42,Male,761
646,Customer 646,customer646@example.com,USA,Regular,2022-11-22,39,Male,358
647,Customer 647,customer647@example.com,Australia,Premium,2015-08-13,28,Other,527
648,Customer 648,customer648@example.com,USA,Regular,2017-03-13,63,Female,309
649,Customer 649,customer649@example.com,UK,Premium,2013-03-21,41,Male,381
650,Customer 650,customer650@example.com,Germany,VIP,2010-07-11,66,Other,1
651,Customer 651,customer651@example.com,India,VIP,2023-07-04,20,Other,929
652,Customer 652,customer652@example.com,USA,Premium,2017-05-08,23,Other,360
653,Customer 653,customer653@example.com,China,Premium,2020-02-06,34,Other,961
654,Customer 654,customer654@example.com,USA,VIP,2023-04-13,73,Female,951
655,Customer 655,customer655@example.com,Australia,Regular,2020-09-24,25,Male,849
656,Customer 656,customer656@example.com,Japan,VIP,2018-06-08,29,Male,877
657,Customer 657,customer657@example.com,Germany,VIP,2019-10-25,23,Female,257
658,Customer 658,customer658@example.com,UK,Regular,2019-07-03,72,Male,937
659,Customer 659,customer659@example.com,Australia,Regular,2022-01-24,64,Male,727
660,Customer 660,customer660@example.com,USA,Premium,2010-06-30,75,Other,245
661,Customer 661,,Australia,Premium,2015-08-09,72,Male,309
662,Customer 662,customer662@example.com,Brazil,Regular,2010-06-20,53,Female,0
663,Customer 663,customer663@example.com,Germany,Regular,2014-10-04,24,Male,531
664,Customer 664,customer664@example.com,China,VIP,2023-04-08,25,Male,510
665,Customer 665,customer665@example.com,France,VIP,2012-09-27,21,Female,806
666,Customer 666,customer666@example.com,India,VIP,2010-04-25,32,Female,116
667,Customer 667,customer667@example.com,USA,VIP,2010-09-05,47,Female,170
668,Customer 668,customer668@example.com,China,Premium,2010-06-19,45,Female,727
669,Customer 669,customer669@example.com,China,Regular,2020-12-11,32,Female,188
670,Customer 670,,Germany,Regular,2010-10-29,22,Male,124
671,Customer 671,customer671@example.com,USA,Premium,2015-04-07,35,Male,401
672,Customer 672,customer672@example.com,Canada,Premium,2013-06-23,35,Female,368
673,Customer 673,customer673@example.com,France,VIP,2015-12-02,40,Male,408
674,Customer 674,customer674@example.com,USA,Regular,2023-01-14,28,Female,714
675,Customer 675,customer675@example.com,Japan,Premium,2018-05-23,38,Male,370
676,Customer 676,customer676@example.com,China,Premium,2013-01-06,58,Female,22
677,Customer 677,customer677@example.com,Germany,Premium,2015-01-18,73,Male,543
678,Customer 678,customer678@example.com,Japan,VIP,2020-03-02,60,Other,117
679,Customer 679,customer679@example.com,Germany,VIP,2021-09-15,58,Female,508
680,Customer 680,customer680@example.com,China,Premium,2019-05-26,21,Female,556
681,Customer 681,customer681@example.com,Japan,VIP,2021-09-21,32,Female,195
682,Customer 682,customer682@example.com,Germany,Premium,2017-07-10,73,Other,35
683,Customer 683,customer683@example.com,USA,Regular,2012-05-24,57,Female,861
684,Customer 684,customer684@example.com,Australia,Premium,2014-05-12,77,Female,681
685,Customer 685,customer685@example.com,Australia,VIP,2013-11-15,41,Male,683
686,Customer 686,customer686@example.com,Brazil,Regular,2014-03-27,54,Other,17
687,Customer 687,customer687@example.com,USA,VIP,2020-09-14,36,Other,423
688,Customer 688,customer688@example.com,Canada,Regular,2010-10-12,67,Other,196
689,Customer 689,customer689@example.com,Brazil,Regular,2020-11-03,68,Male,607
690,Customer 690,customer690@example.com,Germany,Regular,2020-05-08,77,Female,565
691,Customer 691,customer691@example.com,Unknown,Premium,2016-04-24,74,Other,114
692,Customer 692,customer692@example.com,UK,Regular,2019-08-26,43,Other,166
693,Customer 693,customer693@example.com,Japan,VIP,2010-12-18,43,Other,62
694,Customer 694,customer694@example.com,Germany,Regular,2016-08-20,31,Male,326
695,Customer 695,customer695@example.com,China,Premium,2014-05-02,76,Male,264
696,Customer 696,customer696@example.com,Japan,VIP,2013-04-02,28,Other,795
697,Customer 697,customer697@example.com,Brazil,Regular,2022-10-21,29,Male,394
698,Customer 698,customer698@example.com,Australia,Premium,2018-12-08,43,Male,53
699,Customer 699,customer699@example.com,Unknown,VIP,2012-12-30,70,Other,407
700,Customer 700,customer700@example.com,Brazil,Regular,2013-03-10,30,Other,302
701,Customer 701,customer701@example.com,Japan,Premium,2022-09-05,45,Male,878
702,Customer 702,customer702@example.com,Brazil,Premium,2019-01-30,68,Female,877
703,Customer 703,customer703@example.com,Japan,Premium,2022-01-30,31,Male,369
704,Customer 704,,USA,VIP,2020-09-19,47,Other,429
705,Customer 705,customer705@example.com,USA,Regular,2022-07-24,73,Other,632
706,Customer 706,customer706@example.com,UK,VIP,2020-08-24,19,Female,939
707,Customer 707,customer707@example.com,UK,Premium,2010-10-17,43,Female,333
708,Customer 708,customer708@example.com,China,VIP,2011-07-04,29,Male,573
709,Customer 709,customer709@example.com,Japan,Regular,2017-02-10,42,Male,174
710,Customer 710,customer710@example.com,Canada,Regular,2019-05-06,47,Other,133
711,Customer 711,customer711@example.com,Brazil,VIP,2018-09-19,43,Male,591
712,Customer 712,customer712@example.com,Brazil,VIP,2013-02-17,28,Male,741
713,Customer 713,customer713@example.com,France,Regular,2022-07-24,21,Other,419
714,Customer 714,customer714@example.com,France,Premium,2014-11-05,68,Female,618
715,Customer 715,customer715@example.com,China,VIP,2014-01-22,32,Female,449
716,Customer 716,customer716@example.com,China,Premium,2017-12-16,70,Female,257
717,Customer 717,customer717@example.com,China,Premium,2016-06-09,21,Other,910
718,Customer 718,customer718@example.com,Brazil,Regular,2022-12-27,40,Female,377
719,Customer 719,customer719@example.com,Australia,VIP,2012-04-04,44,Male,824
720,Customer 720,customer720@example.com,Brazil,Premium,2010-05-02,71,Female,359
721,Customer 721,customer721@example.com,Canada,VIP,2018-04-09,75,Other,981
722,Customer 722,customer722@example.com,Brazil,Regular,2013-10-06,24,Other,13
723,Customer 723,customer723@example.com,Australia,Regular,2013-09-11,67,Male,178
724,Customer 724,customer724@example.com,China,Premium,2016-03-05,-1,Female,881
725,Customer 725,customer725@example.com,Germany,Regular,2011-08-15,65,Female,947
726,Customer 726,customer726@example.com,Canada,VIP,2010-05-10,40,Female,870
727,Customer 727,customer727@example.com,Australia,Premium,2019-02-08,61,Female,949
728,Customer 728,customer728@example.com,China,Premium,2018-12-30,51,Other,645
729,Customer 729,customer729@example.com,China,Premium,2017-04-30,78,Other,254
730,Customer 730,customer730@example.com,Australia,VIP,2020-08-23,58,Male,509
731,Customer 731,customer731@example.com,UK,VIP,2011-07-03,76,Male,529
732,Customer 732,customer732@example.com,Japan,Premium,2023-12-14,-1,Male,270
733,Customer 733,,Japan,Premium,2018-07-30,44,Male,436
734,Customer 734,customer734@example.com,Germany,Regular,2017-04-29,50,Male,942
735,Customer 735,customer735@example.com,France,Premium,2011-03-30,37,Female,306
736,Customer 736,customer736@example.com,Brazil,VIP,2010-05-02,19,Female,952
737,Customer 737,customer737@example.com,Canada,VIP,2016-08-19,28,Female,469
738,Customer 738,customer738@example.com,Germany,VIP,2023-02-17,47,Female,625
739,Customer 739,customer739@example.com,Australia,Regular,2023-03-08,26,Male,411
740,Customer 740,customer740@example.com,Germany,Regular,2010-12-29,46,Male,396
741,Customer 741,customer741@example.com,Canada,Premium,2015-01-29,61,Female,512
742,Customer 742,customer742@example.com,Germany,Premium,2012-02-04,66,Female,90
743,Customer 743,customer743@example.com,Germany,VIP,2010-07-24,22,Female,895
744,Customer 744,customer744@example.com,Japan,VIP,2020-06-24,74,Other,785
745,Customer 745,customer745@example.com,Germany,Regular,2014-09-22,54,Other,695
746,Customer 746,customer746@example.com,USA,Premium,2013-07-13,21,Female,738
747,Customer 747,customer747@example.com,India,Regular,2017-12-02,22,Other,64
748,Customer 748,customer748@example.com,Canada,Premium,2020-03-14,49,Male,789
749,Customer 749,customer749@example.com,China,VIP,2022-04-19,42,Other,5
750,Customer 750,customer750@example.com,Japan,Premium,2016-05-29,25,Female,836
751,Customer 751,customer751@example.com,Brazil,Premium,2014-10-12,66,Other,848
752,Customer 752,customer752@example.com,Germany,Regular,2023-12-03,-1,Other,744
753,Customer 753,customer753@example.com,Unknown,Premium,2016-02-07,74,Male,665
754,Customer 754,customer754@example.com,Germany,Regular,2012-02-13,70,Other,271
755,Customer 755,customer755@example.com,Canada,VIP,2018-02-03,31,Male,998
756,Customer 756,customer756@example.com,China,Regular,2022-12-11,68,Other,279
757,Customer 757,customer757@example.com,France,VIP,2018-08-06,28,Male,799
758,Customer 758,customer758@example.com,Brazil,VIP,2021-07-15,71,Other,408
759,Customer 759,customer759@example.com,Germany,Premium,2017-12-10,40,Other,853
760,Customer 760,,Australia,VIP,2016-02-17,21,Female,174
761,Customer 761,customer761@example.com,Japan,VIP,2018-07-06,47,Other,986
762,Customer 762,customer762@example.com,France,Premium,2021-06-17,67,Male,155
763,Customer 763,customer763@example.com,Japan,VIP,2015-07-18,58,Other,570
764,Customer 764,customer764@example.com,UK,Regular,2016-08-26,21,Other,753
765,Customer 765,,UK,VIP,2019-09-24,20,Female,329
766,Customer 766,customer766@example.com,USA,Regular,2012-08-07,28,Other,90
767,Customer 767,customer767@example.com,China,VIP,2012-02-01,47,Male,204
768,Customer 768,customer768@example.com,France,Premium,2023-04-03,69,Female,912
769,Customer 769,customer769@example.com,China,Regular,2012-10-11,34,Male,100
770,Customer 770,customer770@example.com,Japan,VIP,2020-10-20,21,Male,641
771,Customer 771,customer771@example.com,India,Regular,2023-12-24,62,Male,657
772,Customer 772,customer772@example.com,Japan,VIP,2023-11-18,53,Other,767
773,Customer 773,customer773@example.com,Germany,Regular,2012-10-09,47,Male,728
774,Customer 774,customer774@example.com,Brazil,Premium,2016-04-08,61,Other,175
775,Customer 775,customer775@example.com,Canada,Regular,2022-11-24,54,Female,724
776,Customer 776,customer776@example.com,Unknown,Regular,2020-08-12,21,Other,418
777,Customer 777,customer777@example.com,UK,Premium,2022-07-24,39,Male,158
778,Customer 778,customer778@example.com,USA,Premium,2019-09-11,-1,Female,358
779,Customer 779,customer779@example.com,USA,Regular,2018-09-24,40,Female,537
780,Customer 780,customer780@example.com,Germany,Premium,2021-05-28,77,Male,986
781,Customer 781,customer781@example.com,Brazil,Regular,2015-11-06,65,Male,211
782,Customer 782,,Brazil,Premium,2016-07-23,69,Other,48
783,Customer 783,customer783@example.com,China,VIP,2017-04-05,60,Other,891
784,Customer 784,customer784@example.com,Germany,Regular,2016-11-05,26,Other,763
785,Customer 785,customer785@example.com,USA,Regular,2018-09-11,49,Other,526
786,Customer 786,customer786@example.com,Canada,Premium,2016-07-12,40,Male,663
787,Customer 787,customer787@example.com,Australia,Premium,2011-10-09,36,Other,800
788,Customer 788,customer788@example.com,Brazil,Premium,2014-04-26,21,Female,729
789,Customer 789,customer789@example.com,India,Premium,2022-04-18,70,Other,602
790,Customer 790,customer790@example.com,Japan,VIP,2020-01-15,38,Female,746
791,Customer 791,customer791@example.com,India,Regular,2020-07-24,45,Female,902
792,Customer 792,customer792@example.com,UK,Premium,2019-06-30,52,Other,146
793,Customer 793,customer793@example.com,Canada,Premium,2014-11-22,62,Male,925
794,Customer 794,customer794@example.com,Canada,Regular,2011-08-28,59,Other,328
795,Customer 795,customer795@example.com,Japan,VIP,2018-02-07,72,Male,942
796,Customer 796,customer796@example.com,France,VIP,2021-09-23,51,Other,499
797,Customer 797,customer797@example.com,Canada,VIP,2010-06-23,50,Male,687
798,Customer 798,customer798@example.com,Australia,Regular,2016-05-20,43,Other,221
799,Customer 799,customer799@example.com,Japan,VIP,2011-03-28,68,Female,28
800,Customer 800,,Germany,VIP,2022-02-23,68,Male,328
801,Customer 801,customer801@example.com,France,VIP,2012-09-14,72,Male,666
802,Customer 802,customer802@example.com,France,Regular,2013-07-09,44,Other,435
803,Customer 803,customer803@example.com,Germany,VIP,2023-12-10,59,Male,3
804,Customer 804,customer804@example.com,UK,Regular,2018-05-13,70,Male,479
805,Customer 805,customer805@example.com,Germany,Regular,2015-01-12,39,Female,179
806,Customer 806,customer806@example.com,Germany,VIP,2022-02-11,64,Female,647
807,Customer 807,customer807@example.com,India,Regular,2016-10-29,77,Male,425
808,Customer 808,customer808@example.com,Brazil,Regular,2012-06-01,27,Other,762
809,Customer 809,customer809@example.com,USA,Premium,2010-11-06,28,Female,105
810,Customer 810,customer810@example.com,Australia,Premium,2011-05-12,68,Other,232
811,Customer 811,customer811@example.com,USA,Premium,2017-10-21,45,Male,987
812,Customer 812,customer812@example.com,Australia,Premium,2015-02-28,33,Male,488
813,Customer 813,customer813@example.com,Australia,Premium,2012-03-03,28,Other,104
814,Customer 814,customer814@example.com,Germany,VIP,2011-05-30,18,Male,144
815,Customer 815,customer815@example.com,India,Regular,2012-12-06,67,Female,892
816,Customer 816,customer816@example.com,Japan,Regular,2020-06-07,62,Female,466
817,Customer 817,,Brazil,VIP,2011-08-06,35,Female,26
818,Customer 818,customer818@example.com,France,VIP,2019-01-19,23,Male,576
819,Customer 819,customer819@example.com,France,Regular,2018-05-02,40,Male,506
820,Customer 820,customer820@example.com,France,Premium,2016-05-18,69,Other,670
821,Customer 821,customer821@example.com,Australia,Premium,2019-02-09,74,Other,998
822,Customer 822,customer822@example.com,Australia,Regular,2014-03-01,35,Female,920
823,Customer 823,customer823@example.com,Japan,VIP,2010-05-03,71,Female,375
824,Customer 824,customer824@example.com,Canada,Premium,2023-08-12,61,Other,37
825,Customer 825,customer825@example.com,India,Regular,2020-07-05,29,Male,268
826,Customer 826,customer826@example.com,France,VIP,2012-07-12,63,Female,942
827,Customer 827,customer827@example.com,India,Regular,2022-07-16,65,Female,565
828,Customer 828,customer828@example.com,France,Premium,2023-10-09,36,Other,577
829,Customer 829,customer829@example.com,Brazil,Regular,2017-11-25,48,Male,889
830,Customer 830,customer830@example.com,USA,Premium,2019-11-23,67,Male,46
831,Customer 831,customer831@example.com,Japan,VIP,2014-09-27,29,Other,403
832,Customer 832,customer832@example.com,UK,Regular,2017-11-23,42,Other,335
833,Customer 833,customer833@example.com,China,Premium,2020-10-01,49,Other,629
834,Customer 834,customer834@example.com,India,Premium,2017-09-25,27,Male,899
835,Customer 835,,Canada,VIP,2017-01-27,30,Other,128
836,Customer 836,customer836@example.com,France,Premium,2014-05-29,32,Male,989
837,Customer 837,customer837@example.com,Brazil,Premium,2019-09-07,68,Other,670
838,Customer 838,customer838@example.com,USA,Regular,2021-05-24,71,Male,599
839,Customer 839,customer839@example.com,UK,Regular,2016-06-06,25,Other,489
840,Customer 840,customer840@example.com,France,Premium,2012-10-25,53,Other,20
841,Customer 841,customer841@example.com,UK,Regular,2017-02-16,22,Male,866
842,Customer 842,customer842@example.com,China,Regular,2018-11-13,57,Female,284
843,Customer 843,customer843@example.com,Germany,Premium,2015-03-28,27,Male,488
844,Customer 844,customer844@example.com,UK,Premium,2022-08-28,61,Female,116
845,Customer 845,customer845@example.com,UK,Premium,2019-09-15,21,Other,357
846,Customer 846,customer846@example.com,Brazil,VIP,2016-11-23,19,Female,178
847,Customer 847,customer847@example.com,Brazil,Regular,2018-03-11,54,Female,378
848,Customer 848,customer848@example.com,Australia,VIP,2020-06-03,32,Male,882
849,Customer 849,customer849@example.com,Canada,Regular,2016-01-19,48,Female,64
850,Customer 850,customer850@example.com,Canada,Regular,2023-03-11,42,Other,588
851,Customer 851,customer851@example.com,Brazil,VIP,2019-08-22,78,Male,31
852,Customer 852,customer852@example.com,USA,Premium,2012-11-17,48,Male,358
853,Customer 853,customer853@example.com,India,Premium,2022-05-07,53,Other,166
854,Customer 854,customer854@example.com,Canada,Premium,2023-07-26,19,Other,418
855,Customer 855,customer855@example.com,China,Regular,2015-04-17,20,Other,856
856,Customer 856,customer856@example.com,India,Regular,2018-04-04,66,Male,186
857,Customer 857,customer857@example.com,UK,VIP,2023-11-06,79,Male,697
858,Customer 858,customer858@example.com,India,Regular,2017-03-08,50,Male,301
859,Customer 859,customer859@example.com,India,Premium,2021-05-31,61,Male,677
860,Customer 860,customer860@example.com,Brazil,VIP,2014-05-10,18,Female,565
861,Customer 861,customer861@example.com,Canada,Premium,2010-09-01,68,Male,183
862,Customer 862,customer862@example.com,China,Premium,2015-09-08,45,Female,53
863,Customer 863,customer863@example.com,France,Regular,2012-03-07,29,Female,114
864,Customer 864,customer864@example.com,Japan,Premium,2012-08-14,40,Male,757
865,Customer 865,customer865@example.com,Canada,VIP,2011-11-08,42,Female,321
866,Customer 866,customer866@example.com,India,VIP,2011-08-16,37,Male,458
867,Customer 867,customer867@example.com,India,Premium,2013-01-13,42,Male,325
868,Customer 868,customer868@example.com,France,Premium,2011-12-19,63,Female,470
869,Customer 869,customer869@example.com,Brazil,Regular,2010-12-10,69,Other,395
870,Customer 870,customer870@example.com,Australia,Regular,2011-02-12,48,Female,689
871,Customer 871,customer871@example.com,France,VIP,2020-08-24,29,Other,255
872,Customer 872,customer872@example.com,France,VIP,2017-12-14,36,Male,985
873,Customer 873,customer873@example.com,Canada,VIP,2013-04-22,54,Female,747
874,Customer 874,customer874@example.com,Germany,Premium,2023-09-22,40,Male,539
875,Customer 875,customer875@example.com,UK,Regular,2021-02-22,56,Female,952
876,Customer 876,customer876@example.com,Australia,Premium,2012-04-24,21,Male,761
877,Customer 877,customer877@example.com,Australia,Regular,2016-07-16,19,Other,816
878,Customer 878,customer878@example.com,Canada,Premium,2016-08-20,22,Male,387
879,Customer 879,,Germany,VIP,2021-07-09,48,Other,667
880,Customer 880,customer880@example.com,India,VIP,2022-06-02,66,Other,228
881,Customer 881,customer881@example.com,Brazil,Regular,2014-12-10,53,Male,803
882,Customer 882,customer882@example.com,France,Regular,2010-10-29,44,Female,44
883,Customer 883,customer883@example.com,China,Regular,2023-11-12,29,Other,885
884,Customer 884,customer884@example.com,USA,VIP,2018-02-18,34,Male,261
885,Customer 885,customer885@example.com,USA,Premium,2023-10-16,61,Other,269
886,Customer 886,customer886@example.com,Australia,Regular,2014-01-21,52,Other,894
887,Customer 887,customer887@example.com,France,VIP,2020-11-15,-1,Female,245
888,Customer 888,customer888@example.com,Canada,VIP,2015-08-27,60,Female,359
889,Customer 889,customer889@example.com,India,Regular,2016-02-21,62,Female,235
890,Customer 890,customer890@example.com,China,Premium,2010-09-24,53,Male,820
891,Customer 891,customer891@example.com,Australia,Regular,2013-11-25,73,Female,467
892,Customer 892,customer892@example.com,Japan,Premium,2013-12-20,66,Female,930
893,Customer 893,customer893@example.com,UK,Regular,2023-01-22,57,Male,637
894,Customer 894,,Australia,Premium,2015-07-13,59,Other,909
895,Customer 895,customer895@example.com,Canada,Regular,2021-10-22,24,Male,153
896,Customer 896,customer896@example.com,UK,VIP,2023-04-10,30,Female,25
897,Customer 897,customer897@example.com,Canada,Premium,2021-08-21,59,Other,599
898,Customer 898,,Germany,Regular,2014-08-13,24,Other,188
899,Customer 899,customer899@example.com,Brazil,Premium,2014-04-08,40,Other,33
900,Customer 900,customer900@example.com,UK,Premium,2019-01-01,71,Male,236
901,Customer 901,customer901@example.com,UK,VIP,2021-07-25,39,Male,57
902,Customer 902,customer902@example.com,UK,Premium,2018-12-15,64,Other,495
903,Customer 903,customer903@example.com,Germany,Regular,2015-01-28,79,Male,369
904,Customer 904,customer904@example.com,France,VIP,2016-04-13,20,Other,841
905,Customer 905,customer905@example.com,China,Premium,2022-01-18,58,Female,420
906,Customer 906,customer906@example.com,USA,Regular,2020-11-27,25,Other,539
907,Customer 907,customer907@example.com,Japan,Premium,2019-04-21,45,Other,626
908,Customer 908,customer908@example.com,Germany,Regular,2013-08-27,38,Other,208
909,Customer 909,customer909@example.com,Germany,Premium,2021-01-16,18,Female,49
910,Customer 910,customer910@example.com,India,Premium,2014-05-10,54,Female,706
911,Customer 911,customer911@example.com,Australia,Regular,2016-03-04,-1,Female,807
912,Customer 912,customer912@example.com,Unknown,VIP,2017-08-24,76,Other,109
913,Customer 913,customer913@example.com,Japan,Regular,2011-07-22,50,Other,935
914,Customer 914,customer914@example.com,Canada,Premium,2016-06-23,51,Male,3
915,Customer 915,customer915@example.com,Germany,Regular,2015-07-07,45,Female,98
916,Customer 916,customer916@example.com,India,VIP,2014-02-13,75,Male,400
917,Customer 917,customer917@example.com,China,Premium,2022-05-01,37,Other,676
918,Customer 918,customer918@example.com,India,Premium,2021-06-09,32,Male,766
919,Customer 919,customer919@example.com,UK,Premium,2020-11-13,32,Female,221
920,Customer 920,customer920@example.com,Brazil,Premium,2013-05-01,43,Male,964
921,Customer 921,customer921@example.com,Canada,Premium,2019-08-18,52,Male,831
922,Customer 922,,India,Regular,2010-06-22,34,Male,524
923,Customer 923,customer923@example.com,Canada,Premium,2011-05-10,67,Male,65
924,Customer 924,customer924@example.com,USA,Premium,2020-06-21,21,Female,350
925,Customer 925,customer925@example.com,Canada,Premium,2013-09-12,20,Male,7
926,Customer 926,customer926@example.com,Japan,VIP,2013-03-22,75,Other,456
927,Customer 927,customer927@example.com,Australia,Regular,2010-03-20,56,Other,291
928,Customer 928,customer928@example.com,Japan,VIP,2011-04-10,47,Male,837
929,Customer 929,customer929@example.com,Japan,VIP,2012-07-20,77,Other,45
930,Customer 930,customer930@example.com,France,VIP,2013-01-21,52,Female,207
931,Customer 931,customer931@example.com,India,VIP,2011-07-19,58,Male,825
932,Customer 932,customer932@example.com,France,Regular,2019-06-08,55,Other,770
933,Customer 933,customer933@example.com,Unknown,Premium,2019-03-30,70,Female,488
934,Customer 934,customer934@example.com,China,Regular,2022-09-29,67,Female,562
935,Customer 935,customer935@example.com,UK,Regular,2010-01-07,31,Other,124
936,Customer 936,,Japan,Premium,2023-06-10,28,Female,251
937,Customer 937,customer937@example.com,USA,VIP,2017-12-20,49,Female,691
938,Customer 938,customer938@example.com,China,VIP,2017-02-21,47,Other,359
939,Customer 939,customer939@example.com,France,Regular,2017-03-30,53,Male,997
940,Customer 940,customer940@example.com,UK,Regular,2015-04-19,52,Female,934
941,Customer 941,customer941@example.com,USA,Regular,2020-07-29,51,Male,704
942,Customer 942,,Japan,Premium,2021-02-10,55,Other,937
943,Customer 943,customer943@example.com,USA,VIP,2022-04-10,58,Female,573
944,Customer 944,customer944@example.com,UK,Regular,2022-07-07,20,Male,929
945,Customer 945,customer945@example.com,Germany,VIP,2022-10-25,55,Female,272
946,Customer 946,customer946@example.com,Germany,Premium,2017-12-28,33,Female,852
947,Customer 947,customer947@example.com,India,Regular,2021-09-01,-1,Other,641
948,Customer 948,customer948@example.com,Brazil,Premium,2014-08-07,74,Other,883
949,Customer 949,customer949@example.com,Unknown,VIP,2018-08-31,39,Female,465
950,Customer 950,customer950@example.com,France,Premium,2022-05-13,26,Female,204
951,Customer 951,customer951@example.com,China,Regular,2018-06-14,-1,Male,121
952,Customer 952,customer952@example.com,Australia,Premium,2019-02-24,47,Female,162
953,Customer 953,customer953@example.com,China,Regular,2021-12-25,46,Other,300
954,Customer 954,customer954@example.com,USA,Regular,2012-07-06,66,Male,580
955,Customer 955,customer955@example.com,Unknown,Regular,2017-08-15,72,Other,19
956,Customer 956,customer956@example.com,Germany,VIP,2020-04-15,32,Male,59
957,Customer 957,customer957@example.com,India,Premium,2013-09-19,26,Female,927
958,Customer 958,customer958@example.com,Brazil,VIP,2019-07-02,65,Male,761
959,Customer 959,customer959@example.com,USA,Regular,2011-12-27,66,Female,130
960,Customer 960,customer960@example.com,Australia,Regular,2022-03-03,69,Male,773
961,Customer 961,customer961@example.com,Brazil,Premium,2017-07-12,49,Other,672
962,Customer 962,customer962@example.com,Brazil,VIP,2013-07-02,47,Female,341
963,Customer 963,,Brazil,Regular,2016-11-06,43,Male,809
964,Customer 964,customer964@example.com,Germany,VIP,2013-12-15,64,Other,172
965,Customer 965,customer965@example.com,Brazil,VIP,2013-07-29,36,Other,225
966,Customer 966,customer966@example.com,UK,Premium,2015-02-09,23,Female,988
967,Customer 967,customer967@example.com,Brazil,Regular,2015-11-16,37,Female,276
968,Customer 968,customer968@example.com,Japan,Premium,2011-05-27,38,Male,262
969,Customer 969,customer969@example.com,UK,Premium,2013-12-17,41,Male,804
970,Customer 970,customer970@example.com,Japan,Regular,2014-06-24,28,Other,963
971,Customer 971,customer971@example.com,Japan,VIP,2015-04-11,62,Female,584
972,Customer 972,customer972@example.com,Japan,Premium,2021-06-08,21,Male,588
973,Customer 973,customer973@example.com,Germany,Premium,2020-07-20,19,Female,555
974,Customer 974,customer974@example.com,Germany,Regular,2016-09-04,25,Other,477
975,Customer 975,customer975@example.com,Australia,Regular,2011-01-14,36,Other,992
976,Customer 976,customer976@example.com,Japan,Regular,2023-08-02,62,Other,238
977,Customer 977,customer977@example.com,France,Regular,2019-10-23,73,Other,150
978,Customer 978,,Unknown,Regular,2010-04-06,27,Male,763
979,Customer 979,customer979@example.com,Australia,Regular,2015-04-13,45,Male,795
980,Customer 980,customer980@example.com,India,Regular,2018-11-15,68,Male,991
981,Customer 981,customer981@example.com,Australia,Regular,2021-06-01,60,Other,353
982,Customer 982,customer982@example.com,France,Premium,2014-02-01,69,Male,654
983,Customer 983,customer983@example.com,China,Premium,2011-12-14,28,Male,645
984,Customer 984,customer984@example.com,Germany,Premium,2022-04-05,66,Male,344
985,Customer 985,customer985@example.com,Brazil,Regular,2012-05-01,59,Other,218
986,Customer 986,customer986@example.com,UK,VIP,2015-11-16,48,Other,897
987,Customer 987,customer987@example.com,Australia,Premium,2022-05-15,40,Other,914
988,Customer 988,customer988@example.com,UK,Premium,2015-04-20,76,Female,764
989,Customer 989,,Canada,Premium,2020-11-25,50,Male,879
990,Customer 990,customer990@example.com,Japan,Regular,2020-09-01,62,Female,630
991,Customer 991,customer991@example.com,Canada,VIP,2016-04-23,37,Other,187
992,Customer 992,customer992@example.com,Japan,VIP,2021-03-15,77,Other,211
993,Customer 993,customer993@example.com,Germany,VIP,2018-07-20,38,Other,255
994,Customer 994,customer994@example.com,Germany,VIP,2020-12-26,43,Other,172
995,Customer 995,customer995@example.com,Japan,VIP,2021-07-06,58,Other,294
996,Customer 996,customer996@example.com,Germany,Regular,2018-03-14,68,Male,351
997,Customer 997,,China,Regular,2021-09-26,53,Female,34
998,Customer 998,customer998@example.com,Brazil,Regular,2022-04-12,52,Female,205
999,Customer 999,customer999@example.com,Brazil,Regular,2011-05-22,63,Male,908
1000,Customer 1000,customer1000@example.com,India,Premium,2010-02-16,32,Female,261
